parameters	variant_caller
bcftools_minbq0	bcftools
bcftools_minbq10	bcftools
bcftools_minbq13	bcftools
bcftools_minbq20	bcftools
bcftools_minmq0	bcftools
bcftools_minmq15	bcftools
bcftools_minmq30	bcftools
bcftools_gap_frac0.002	bcftools
bcftools_gap_frac0.05	bcftools
bcftools_gap_frac0.1	bcftools
bcftools_redo_baq0	bcftools
bcftools_redo_baq1	bcftools
bcftools_adjust_mq0	bcftools
bcftools_adjust_mq25	bcftools
bcftools_adjust_mq50	bcftools
bcftools_ploidy1	bcftools
bcftools_ploidy2	bcftools
bcftools_baseline_params	bcftools
freebayes_minbq0	freebayes
freebayes_minbq10	freebayes
freebayes_minbq13	freebayes
freebayes_minbq20	freebayes
freebayes_minmq0	freebayes
freebayes_minmq15	freebayes
freebayes_minmq30	freebayes
freebayes_ploidy1	freebayes
freebayes_ploidy2	freebayes
freebayes_baseline_params	freebayes
ivar_minbq0	ivar
ivar_minbq10	ivar
ivar_minbq13	ivar
ivar_minbq20	ivar
ivar_minmq0	ivar
ivar_minmq15	ivar
ivar_minmq30	ivar
ivar_redo_baq0	ivar
ivar_redo_baq1	ivar
ivar_baseline_params	ivar
