virus	trimmer	variant_caller	param	score	match	gap	mismatch	N_count	score_agg	sample_id	pairwiseAligner_set_score	consensus_baseline	consensus_baseline_virus	param_name
h1n1	cutadapt	freebayes		13424.0	13428	0	4	4	13420.0	1337	match1_mis-1_o-2_e-2			cutadapt_freebayes
h1n1	cutadapt	ivar		13424.0	13428	0	4	4	13420.0	1337	match1_mis-1_o-2_e-2			cutadapt_ivar
h1n1	cutadapt	bcftools		13422.0	13427	0	5	4	13417.0	1337	match1_mis-1_o-2_e-2			cutadapt_bcftools
h3n2	cutadapt	freebayes		13179.0	13179	0	0	1	13179.0	2129	match1_mis-1_o-2_e-2			cutadapt_freebayes
h3n2	cutadapt	bcftools		13177.0	13178	0	1	1	13176.0	2129	match1_mis-1_o-2_e-2			cutadapt_bcftools
h3n2	cutadapt	ivar		13177.0	13178	0	1	1	13176.0	2129	match1_mis-1_o-2_e-2			cutadapt_ivar
rsv_a	cutadapt	ivar		15221.0	15221	0	0	0	15221.0	1658	match1_mis-1_o-2_e-2			cutadapt_ivar
rsv_a	cutadapt	bcftools		14793.0	15011	4	210	0	14579.0	1658	match1_mis-1_o-2_e-2			cutadapt_bcftools
rsv_a	cutadapt	freebayes		14793.0	15011	4	210	0	14579.0	1658	match1_mis-1_o-2_e-2			cutadapt_freebayes
rsv_b	cutadapt	ivar		15154.0	15189	0	35	38	15119.0	902	match1_mis-1_o-2_e-2			cutadapt_ivar
rsv_b	cutadapt	bcftools		14960.0	15096	6	124	0	14830.0	902	match1_mis-1_o-2_e-2			cutadapt_bcftools
rsv_b	cutadapt	freebayes		14960.0	15096	6	124	0	14830.0	902	match1_mis-1_o-2_e-2			cutadapt_freebayes
sars_cov_2_139	cutadapt	ivar		29807.0	29821	0	14	23	29793.0	139	match1_mis-1_o-2_e-2			cutadapt_ivar
sars_cov_2_139	cutadapt	bcftools		29785.0	29813	3	22	23	29760.0	139	match1_mis-1_o-2_e-2			cutadapt_bcftools
sars_cov_2_139	cutadapt	freebayes		29755.0	29821	26	14	48	29715.0	139	match1_mis-1_o-2_e-2			cutadapt_freebayes
sars_cov_2_122	cutadapt	ivar		29831.0	29833	0	2	24	29829.0	122	match1_mis-1_o-2_e-2			cutadapt_ivar
sars_cov_2_122	cutadapt	bcftools		29819.0	29830	3	5	24	29811.0	122	match1_mis-1_o-2_e-2			cutadapt_bcftools
sars_cov_2_122	cutadapt	freebayes		29779.0	29833	26	2	48	29751.0	122	match1_mis-1_o-2_e-2			cutadapt_freebayes
sars_cov_2_4964	cutadapt	freebayes		29833.0	29840	0	7	7	29826.0	4964	match1_mis-1_o-2_e-2			cutadapt_freebayes
sars_cov_2_4964	cutadapt	ivar		29831.0	29839	0	8	8	29823.0	4964	match1_mis-1_o-2_e-2			cutadapt_ivar
sars_cov_2_4964	cutadapt	bcftools		29819.0	29833	0	14	7	29805.0	4964	match1_mis-1_o-2_e-2			cutadapt_bcftools
h1n1	cutadapt	freebayes	baseline_params	13424.0	13428	0	4	4	13420.0	1337	match1_mis-1_o-2_e-2	MBS	MBS_h1n1	cutadapt_mbs_freebayes_mbs
h1n1	cutadapt	bcftools	baseline_params	13422.0	13427	0	5	4	13417.0	1337	match1_mis-1_o-2_e-2	MBS	MBS_h1n1	cutadapt_mbs_bcftools_mbs
h1n1	cutadapt	ivar	baseline_params	13418.0	13425	0	7	7	13411.0	1337	match1_mis-1_o-2_e-2	MBS	MBS_h1n1	cutadapt_mbs_ivar_mbs
h3n2	cutadapt	freebayes	baseline_params	13179.0	13179	0	0	1	13179.0	2129	match1_mis-1_o-2_e-2	MBS	MBS_h3n2	cutadapt_mbs_freebayes_mbs
h3n2	cutadapt	bcftools	baseline_params	13177.0	13178	0	1	1	13176.0	2129	match1_mis-1_o-2_e-2	MBS	MBS_h3n2	cutadapt_mbs_bcftools_mbs
h3n2	cutadapt	ivar	baseline_params	13177.0	13178	0	1	1	13176.0	2129	match1_mis-1_o-2_e-2	MBS	MBS_h3n2	cutadapt_mbs_ivar_mbs
rsv_a	cutadapt	ivar	baseline_params	15221.0	15221	0	0	0	15221.0	1658	match1_mis-1_o-2_e-2	MBS	MBS_rsv_a	cutadapt_mbs_ivar_mbs
rsv_a	cutadapt	bcftools	baseline_params	14793.0	15011	4	210	0	14579.0	1658	match1_mis-1_o-2_e-2	MBS	MBS_rsv_a	cutadapt_mbs_bcftools_mbs
rsv_a	cutadapt	freebayes	baseline_params	14793.0	15011	4	210	0	14579.0	1658	match1_mis-1_o-2_e-2	MBS	MBS_rsv_a	cutadapt_mbs_freebayes_mbs
rsv_b	cutadapt	ivar	baseline_params	15138.0	15181	0	43	46	15095.0	902	match1_mis-1_o-2_e-2	MBS	MBS_rsv_b	cutadapt_mbs_ivar_mbs
rsv_b	cutadapt	bcftools	baseline_params	14960.0	15096	6	124	0	14830.0	902	match1_mis-1_o-2_e-2	MBS	MBS_rsv_b	cutadapt_mbs_bcftools_mbs
rsv_b	cutadapt	freebayes	baseline_params	14960.0	15096	6	124	0	14830.0	902	match1_mis-1_o-2_e-2	MBS	MBS_rsv_b	cutadapt_mbs_freebayes_mbs
sars_cov_2_139	cutadapt	ivar	baseline_params	29805.0	29820	0	15	24	29790.0	139	match1_mis-1_o-2_e-2	MBS	MBS_sars_cov_2_139	cutadapt_mbs_ivar_mbs
sars_cov_2_139	cutadapt	bcftools	baseline_params	29757.0	29808	12	27	32	29718.0	139	match1_mis-1_o-2_e-2	MBS	MBS_sars_cov_2_139	cutadapt_mbs_bcftools_mbs
sars_cov_2_139	cutadapt	freebayes	baseline_params	29755.0	29821	26	14	48	29715.0	139	match1_mis-1_o-2_e-2	MBS	MBS_sars_cov_2_139	cutadapt_mbs_freebayes_mbs
sars_cov_2_122	cutadapt	ivar	baseline_params	29827.0	29831	0	4	26	29823.0	122	match1_mis-1_o-2_e-2	MBS	MBS_sars_cov_2_122	cutadapt_mbs_ivar_mbs
sars_cov_2_122	cutadapt	freebayes	baseline_params	29779.0	29833	26	2	48	29751.0	122	match1_mis-1_o-2_e-2	MBS	MBS_sars_cov_2_122	cutadapt_mbs_freebayes_mbs
sars_cov_2_122	cutadapt	bcftools	baseline_params	29775.0	29817	12	18	32	29745.0	122	match1_mis-1_o-2_e-2	MBS	MBS_sars_cov_2_122	cutadapt_mbs_bcftools_mbs
sars_cov_2_4964	cutadapt	freebayes	baseline_params	29833.0	29840	0	7	7	29826.0	4964	match1_mis-1_o-2_e-2	MBS	MBS_sars_cov_2_4964	cutadapt_mbs_freebayes_mbs
sars_cov_2_4964	cutadapt	ivar	baseline_params	29831.0	29839	0	8	8	29823.0	4964	match1_mis-1_o-2_e-2	MBS	MBS_sars_cov_2_4964	cutadapt_mbs_ivar_mbs
sars_cov_2_4964	cutadapt	bcftools	baseline_params	29815.0	29831	0	16	7	29799.0	4964	match1_mis-1_o-2_e-2	MBS	MBS_sars_cov_2_4964	cutadapt_mbs_bcftools_mbs
