virus	trimmer	variant_caller	param	score	match	gap	mismatch	N_count	score_agg	sample_id	pairwiseAligner_set_score	consensus_baseline	consensus_baseline_virus	param_name
h1n1	trimmomatic	freebayes		13424.0	13428	0	4	4	13420.0	1337	match1_mis-1_o-2_e-2			trimmomatic_freebayes
h1n1	cutadapt	freebayes		13424.0	13428	0	4	4	13420.0	1337	match1_mis-1_o-2_e-2			cutadapt_freebayes
h1n1	trimmomatic	ivar		13424.0	13428	0	4	4	13420.0	1337	match1_mis-1_o-2_e-2			trimmomatic_ivar
h1n1	cutadapt	ivar		13424.0	13428	0	4	4	13420.0	1337	match1_mis-1_o-2_e-2			cutadapt_ivar
h1n1	trimmomatic	bcftools		13422.0	13427	0	5	4	13417.0	1337	match1_mis-1_o-2_e-2			trimmomatic_bcftools
h1n1	cutadapt	bcftools		13422.0	13427	0	5	4	13417.0	1337	match1_mis-1_o-2_e-2			cutadapt_bcftools
h3n2	trimmomatic	freebayes		13179.0	13179	0	0	1	13179.0	2129	match1_mis-1_o-2_e-2			trimmomatic_freebayes
h3n2	cutadapt	freebayes		13179.0	13179	0	0	1	13179.0	2129	match1_mis-1_o-2_e-2			cutadapt_freebayes
h3n2	trimmomatic	bcftools		13177.0	13178	0	1	1	13176.0	2129	match1_mis-1_o-2_e-2			trimmomatic_bcftools
h3n2	cutadapt	bcftools		13177.0	13178	0	1	1	13176.0	2129	match1_mis-1_o-2_e-2			cutadapt_bcftools
h3n2	trimmomatic	ivar		13177.0	13178	0	1	1	13176.0	2129	match1_mis-1_o-2_e-2			trimmomatic_ivar
h3n2	cutadapt	ivar		13177.0	13178	0	1	1	13176.0	2129	match1_mis-1_o-2_e-2			cutadapt_ivar
rsv_a	trimmomatic	ivar		15221.0	15221	0	0	0	15221.0	1658	match1_mis-1_o-2_e-2			trimmomatic_ivar
rsv_a	cutadapt	ivar		15221.0	15221	0	0	0	15221.0	1658	match1_mis-1_o-2_e-2			cutadapt_ivar
rsv_a	trimmomatic	bcftools		14793.0	15011	4	210	0	14579.0	1658	match1_mis-1_o-2_e-2			trimmomatic_bcftools
rsv_a	cutadapt	bcftools		14793.0	15011	4	210	0	14579.0	1658	match1_mis-1_o-2_e-2			cutadapt_bcftools
rsv_a	trimmomatic	freebayes		14793.0	15011	4	210	0	14579.0	1658	match1_mis-1_o-2_e-2			trimmomatic_freebayes
rsv_a	cutadapt	freebayes		14793.0	15011	4	210	0	14579.0	1658	match1_mis-1_o-2_e-2			cutadapt_freebayes
rsv_b	trimmomatic	ivar		15154.0	15189	0	35	38	15119.0	902	match1_mis-1_o-2_e-2			trimmomatic_ivar
rsv_b	cutadapt	ivar		15154.0	15189	0	35	38	15119.0	902	match1_mis-1_o-2_e-2			cutadapt_ivar
rsv_b	trimmomatic	bcftools		14960.0	15096	6	124	0	14830.0	902	match1_mis-1_o-2_e-2			trimmomatic_bcftools
rsv_b	cutadapt	bcftools		14960.0	15096	6	124	0	14830.0	902	match1_mis-1_o-2_e-2			cutadapt_bcftools
rsv_b	trimmomatic	freebayes		14960.0	15096	6	124	0	14830.0	902	match1_mis-1_o-2_e-2			trimmomatic_freebayes
rsv_b	cutadapt	freebayes		14960.0	15096	6	124	0	14830.0	902	match1_mis-1_o-2_e-2			cutadapt_freebayes
sars_cov_2_139	trimmomatic	ivar		29807.0	29821	0	14	23	29793.0	139	match1_mis-1_o-2_e-2			trimmomatic_ivar
sars_cov_2_139	cutadapt	ivar		29807.0	29821	0	14	23	29793.0	139	match1_mis-1_o-2_e-2			cutadapt_ivar
sars_cov_2_139	trimmomatic	bcftools		29785.0	29813	3	22	23	29760.0	139	match1_mis-1_o-2_e-2			trimmomatic_bcftools
sars_cov_2_139	cutadapt	bcftools		29785.0	29813	3	22	23	29760.0	139	match1_mis-1_o-2_e-2			cutadapt_bcftools
sars_cov_2_139	trimmomatic	freebayes		29755.0	29821	26	14	48	29715.0	139	match1_mis-1_o-2_e-2			trimmomatic_freebayes
sars_cov_2_139	cutadapt	freebayes		29755.0	29821	26	14	48	29715.0	139	match1_mis-1_o-2_e-2			cutadapt_freebayes
sars_cov_2_122	trimmomatic	ivar		29831.0	29833	0	2	24	29829.0	122	match1_mis-1_o-2_e-2			trimmomatic_ivar
sars_cov_2_122	cutadapt	ivar		29831.0	29833	0	2	24	29829.0	122	match1_mis-1_o-2_e-2			cutadapt_ivar
sars_cov_2_122	cutadapt	bcftools		29819.0	29830	3	5	24	29811.0	122	match1_mis-1_o-2_e-2			cutadapt_bcftools
sars_cov_2_122	trimmomatic	bcftools		29817.0	29829	3	6	24	29808.0	122	match1_mis-1_o-2_e-2			trimmomatic_bcftools
sars_cov_2_122	trimmomatic	freebayes		29779.0	29833	26	2	48	29751.0	122	match1_mis-1_o-2_e-2			trimmomatic_freebayes
sars_cov_2_122	cutadapt	freebayes		29779.0	29833	26	2	48	29751.0	122	match1_mis-1_o-2_e-2			cutadapt_freebayes
sars_cov_2_4964	trimmomatic	freebayes		29833.0	29840	0	7	7	29826.0	4964	match1_mis-1_o-2_e-2			trimmomatic_freebayes
sars_cov_2_4964	cutadapt	freebayes		29833.0	29840	0	7	7	29826.0	4964	match1_mis-1_o-2_e-2			cutadapt_freebayes
sars_cov_2_4964	trimmomatic	ivar		29833.0	29840	0	7	7	29826.0	4964	match1_mis-1_o-2_e-2			trimmomatic_ivar
sars_cov_2_4964	cutadapt	ivar		29831.0	29839	0	8	8	29823.0	4964	match1_mis-1_o-2_e-2			cutadapt_ivar
sars_cov_2_4964	trimmomatic	bcftools		29819.0	29833	0	14	7	29805.0	4964	match1_mis-1_o-2_e-2			trimmomatic_bcftools
sars_cov_2_4964	cutadapt	bcftools		29819.0	29833	0	14	7	29805.0	4964	match1_mis-1_o-2_e-2			cutadapt_bcftools
