virus	variant_caller	param	param_val	score	match	gap	mismatch	N_count	score_agg	sample_id	pairwiseAligner_set_score	consensus_baseline	consensus_baseline_virus
h1n1	bcftools	adjust_mq	0	13422.0	13427	0	5	5	13417.0	1337	match1_mis-1_o-2_e-2		
h1n1	bcftools	minbq	0	13420.0	13426	0	6	5	13414.0	1337	match1_mis-1_o-2_e-2		
h1n1	bcftools	minbq	10	13420.0	13426	0	6	5	13414.0	1337	match1_mis-1_o-2_e-2		
h1n1	bcftools	minbq	20	13420.0	13426	0	6	5	13414.0	1337	match1_mis-1_o-2_e-2		
h1n1	bcftools	minmq	15	13420.0	13426	0	6	5	13414.0	1337	match1_mis-1_o-2_e-2		
h1n1	bcftools	minmq	30	13420.0	13426	0	6	5	13414.0	1337	match1_mis-1_o-2_e-2		
h1n1	bcftools	gap_frac	0.002	13420.0	13426	0	6	5	13414.0	1337	match1_mis-1_o-2_e-2		
h1n1	bcftools	gap_frac	0.1	13420.0	13426	0	6	5	13414.0	1337	match1_mis-1_o-2_e-2		
h1n1	bcftools	redo_baq	0	13420.0	13426	0	6	5	13414.0	1337	match1_mis-1_o-2_e-2		
h1n1	bcftools	ploidy	2	13420.0	13426	0	6	5	13414.0	1337	match1_mis-1_o-2_e-2		
h1n1	bcftools	baseline_params	-	13420.0	13426	0	6	5	13414.0	1337	match1_mis-1_o-2_e-2	MBS	MBS_h1n1
h1n1	bcftools	adjust_mq	25	13416.0	13424	0	8	5	13408.0	1337	match1_mis-1_o-2_e-2		
h1n1	freebayes	minbq	0	13422.0	13427	0	5	5	13417.0	1337	match1_mis-1_o-2_e-2		
h1n1	freebayes	minbq	10	13422.0	13427	0	5	5	13417.0	1337	match1_mis-1_o-2_e-2		
h1n1	freebayes	minbq	13	13422.0	13427	0	5	5	13417.0	1337	match1_mis-1_o-2_e-2		
h1n1	freebayes	minmq	0	13422.0	13427	0	5	5	13417.0	1337	match1_mis-1_o-2_e-2		
h1n1	freebayes	minmq	30	13422.0	13427	0	5	5	13417.0	1337	match1_mis-1_o-2_e-2		
h1n1	freebayes	ploidy	1	13422.0	13427	0	5	5	13417.0	1337	match1_mis-1_o-2_e-2		
h1n1	freebayes	baseline_params	-	13422.0	13427	0	5	5	13417.0	1337	match1_mis-1_o-2_e-2	MBS	MBS_h1n1
h1n1	ivar	minbq	0	13418.0	13425	0	7	7	13411.0	1337	match1_mis-1_o-2_e-2		
h1n1	ivar	minbq	10	13416.0	13424	0	8	8	13408.0	1337	match1_mis-1_o-2_e-2		
h1n1	ivar	minbq	20	13414.0	13423	0	9	9	13405.0	1337	match1_mis-1_o-2_e-2		
h1n1	ivar	minmq	0	13414.0	13423	0	9	9	13405.0	1337	match1_mis-1_o-2_e-2		
h1n1	ivar	minmq	30	13414.0	13423	0	9	9	13405.0	1337	match1_mis-1_o-2_e-2		
h1n1	ivar	redo_baq	1	13414.0	13423	0	9	9	13405.0	1337	match1_mis-1_o-2_e-2		
h1n1	ivar	baseline_params	-	13414.0	13423	0	9	9	13405.0	1337	match1_mis-1_o-2_e-2	MBS	MBS_h1n1
h3n2	bcftools	minbq	0	13177.0	13178	0	1	1	13176.0	2129	match1_mis-1_o-2_e-2		
h3n2	bcftools	minbq	10	13177.0	13178	0	1	1	13176.0	2129	match1_mis-1_o-2_e-2		
h3n2	bcftools	gap_frac	0.002	13177.0	13178	0	1	1	13176.0	2129	match1_mis-1_o-2_e-2		
h3n2	bcftools	gap_frac	0.1	13177.0	13178	0	1	1	13176.0	2129	match1_mis-1_o-2_e-2		
h3n2	bcftools	redo_baq	0	13177.0	13178	0	1	1	13176.0	2129	match1_mis-1_o-2_e-2		
h3n2	bcftools	adjust_mq	0	13177.0	13178	0	1	1	13176.0	2129	match1_mis-1_o-2_e-2		
h3n2	bcftools	ploidy	2	13177.0	13178	0	1	1	13176.0	2129	match1_mis-1_o-2_e-2		
h3n2	bcftools	baseline_params	-	13177.0	13178	0	1	1	13176.0	2129	match1_mis-1_o-2_e-2	MBS	MBS_h3n2
h3n2	bcftools	minbq	20	13175.0	13177	0	2	1	13173.0	2129	match1_mis-1_o-2_e-2		
h3n2	bcftools	minmq	15	13175.0	13177	0	2	1	13173.0	2129	match1_mis-1_o-2_e-2		
h3n2	bcftools	minmq	30	13169.0	13174	0	5	1	13164.0	2129	match1_mis-1_o-2_e-2		
h3n2	bcftools	adjust_mq	25	13151.0	13165	0	14	1	13137.0	2129	match1_mis-1_o-2_e-2		
h3n2	freebayes	minbq	0	13179.0	13179	0	0	1	13179.0	2129	match1_mis-1_o-2_e-2		
h3n2	freebayes	minbq	10	13179.0	13179	0	0	1	13179.0	2129	match1_mis-1_o-2_e-2		
h3n2	freebayes	minbq	13	13179.0	13179	0	0	1	13179.0	2129	match1_mis-1_o-2_e-2		
h3n2	freebayes	minmq	0	13179.0	13179	0	0	1	13179.0	2129	match1_mis-1_o-2_e-2		
h3n2	freebayes	minmq	30	13179.0	13179	0	0	1	13179.0	2129	match1_mis-1_o-2_e-2		
h3n2	freebayes	ploidy	1	13179.0	13179	0	0	1	13179.0	2129	match1_mis-1_o-2_e-2		
h3n2	freebayes	baseline_params	-	13179.0	13179	0	0	1	13179.0	2129	match1_mis-1_o-2_e-2	MBS	MBS_h3n2
h3n2	ivar	minbq	0	13179.0	13179	0	0	1	13179.0	2129	match1_mis-1_o-2_e-2		
h3n2	ivar	minbq	10	13179.0	13179	0	0	1	13179.0	2129	match1_mis-1_o-2_e-2		
h3n2	ivar	minbq	20	13179.0	13179	0	0	1	13179.0	2129	match1_mis-1_o-2_e-2		
h3n2	ivar	minmq	0	13179.0	13179	0	0	1	13179.0	2129	match1_mis-1_o-2_e-2		
h3n2	ivar	minmq	30	13179.0	13179	0	0	1	13179.0	2129	match1_mis-1_o-2_e-2		
h3n2	ivar	redo_baq	1	13179.0	13179	0	0	1	13179.0	2129	match1_mis-1_o-2_e-2		
h3n2	ivar	baseline_params	-	13179.0	13179	0	0	1	13179.0	2129	match1_mis-1_o-2_e-2	MBS	MBS_h3n2
rsv_a	bcftools	minbq	0	14793.0	15011	4	210	0	14579.0	1658	match1_mis-1_o-2_e-2		
rsv_a	bcftools	minbq	10	14793.0	15011	4	210	0	14579.0	1658	match1_mis-1_o-2_e-2		
rsv_a	bcftools	minbq	20	14793.0	15011	4	210	0	14579.0	1658	match1_mis-1_o-2_e-2		
rsv_a	bcftools	minmq	15	14793.0	15011	4	210	0	14579.0	1658	match1_mis-1_o-2_e-2		
rsv_a	bcftools	minmq	30	14793.0	15011	4	210	0	14579.0	1658	match1_mis-1_o-2_e-2		
rsv_a	bcftools	gap_frac	0.1	14793.0	15011	4	210	0	14579.0	1658	match1_mis-1_o-2_e-2		
rsv_a	bcftools	redo_baq	0	14793.0	15011	4	210	0	14579.0	1658	match1_mis-1_o-2_e-2		
rsv_a	bcftools	adjust_mq	0	14793.0	15011	4	210	0	14579.0	1658	match1_mis-1_o-2_e-2		
rsv_a	bcftools	adjust_mq	25	14793.0	15011	4	210	0	14579.0	1658	match1_mis-1_o-2_e-2		
rsv_a	bcftools	ploidy	2	14793.0	15011	4	210	0	14579.0	1658	match1_mis-1_o-2_e-2		
rsv_a	bcftools	baseline_params	-	14793.0	15011	4	210	0	14579.0	1658	match1_mis-1_o-2_e-2	MBS	MBS_rsv_a
rsv_a	freebayes	minbq	0	14793.0	15011	4	210	0	14579.0	1658	match1_mis-1_o-2_e-2		
rsv_a	freebayes	minbq	10	14793.0	15011	4	210	0	14579.0	1658	match1_mis-1_o-2_e-2		
rsv_a	freebayes	minbq	13	14793.0	15011	4	210	0	14579.0	1658	match1_mis-1_o-2_e-2		
rsv_a	freebayes	minmq	0	14793.0	15011	4	210	0	14579.0	1658	match1_mis-1_o-2_e-2		
rsv_a	freebayes	minmq	30	14793.0	15011	4	210	0	14579.0	1658	match1_mis-1_o-2_e-2		
rsv_a	freebayes	ploidy	1	14793.0	15011	4	210	0	14579.0	1658	match1_mis-1_o-2_e-2		
rsv_a	freebayes	baseline_params	-	14793.0	15011	4	210	0	14579.0	1658	match1_mis-1_o-2_e-2	MBS	MBS_rsv_a
rsv_a	ivar	minbq	0	15221.0	15221	0	0	0	15221.0	1658	match1_mis-1_o-2_e-2		
rsv_a	ivar	minbq	10	15221.0	15221	0	0	0	15221.0	1658	match1_mis-1_o-2_e-2		
rsv_a	ivar	minbq	20	15221.0	15221	0	0	0	15221.0	1658	match1_mis-1_o-2_e-2		
rsv_a	ivar	minmq	0	15221.0	15221	0	0	0	15221.0	1658	match1_mis-1_o-2_e-2		
rsv_a	ivar	minmq	30	15221.0	15221	0	0	0	15221.0	1658	match1_mis-1_o-2_e-2		
rsv_a	ivar	redo_baq	1	15221.0	15221	0	0	0	15221.0	1658	match1_mis-1_o-2_e-2		
rsv_a	ivar	baseline_params	-	15221.0	15221	0	0	0	15221.0	1658	match1_mis-1_o-2_e-2	MBS	MBS_rsv_a
rsv_b	bcftools	minbq	0	14960.0	15096	6	124	0	14830.0	902	match1_mis-1_o-2_e-2		
rsv_b	bcftools	minbq	10	14960.0	15096	6	124	0	14830.0	902	match1_mis-1_o-2_e-2		
rsv_b	bcftools	minbq	20	14960.0	15096	6	124	0	14830.0	902	match1_mis-1_o-2_e-2		
rsv_b	bcftools	minmq	15	14960.0	15096	6	124	0	14830.0	902	match1_mis-1_o-2_e-2		
rsv_b	bcftools	minmq	30	14960.0	15096	6	124	0	14830.0	902	match1_mis-1_o-2_e-2		
rsv_b	bcftools	gap_frac	0.002	14960.0	15096	6	124	0	14830.0	902	match1_mis-1_o-2_e-2		
rsv_b	bcftools	gap_frac	0.1	14960.0	15096	6	124	0	14830.0	902	match1_mis-1_o-2_e-2		
rsv_b	bcftools	redo_baq	0	14960.0	15096	6	124	0	14830.0	902	match1_mis-1_o-2_e-2		
rsv_b	bcftools	adjust_mq	0	14960.0	15096	6	124	0	14830.0	902	match1_mis-1_o-2_e-2		
rsv_b	bcftools	adjust_mq	25	14960.0	15096	6	124	0	14830.0	902	match1_mis-1_o-2_e-2		
rsv_b	bcftools	ploidy	2	14960.0	15096	6	124	0	14830.0	902	match1_mis-1_o-2_e-2		
rsv_b	bcftools	baseline_params	-	14960.0	15096	6	124	0	14830.0	902	match1_mis-1_o-2_e-2	MBS	MBS_rsv_b
rsv_b	freebayes	minbq	0	14960.0	15096	6	124	0	14830.0	902	match1_mis-1_o-2_e-2		
rsv_b	freebayes	minbq	10	14960.0	15096	6	124	0	14830.0	902	match1_mis-1_o-2_e-2		
rsv_b	freebayes	minbq	13	14960.0	15096	6	124	0	14830.0	902	match1_mis-1_o-2_e-2		
rsv_b	freebayes	minmq	0	14960.0	15096	6	124	0	14830.0	902	match1_mis-1_o-2_e-2		
rsv_b	freebayes	minmq	30	14960.0	15096	6	124	0	14830.0	902	match1_mis-1_o-2_e-2		
rsv_b	freebayes	ploidy	1	14960.0	15096	6	124	0	14830.0	902	match1_mis-1_o-2_e-2		
rsv_b	freebayes	baseline_params	-	14960.0	15096	6	124	0	14830.0	902	match1_mis-1_o-2_e-2	MBS	MBS_rsv_b
rsv_b	ivar	minbq	0	15100.0	15162	0	62	65	15038.0	902	match1_mis-1_o-2_e-2		
rsv_b	ivar	minbq	10	15096.0	15160	0	64	67	15032.0	902	match1_mis-1_o-2_e-2		
rsv_b	ivar	minbq	20	15084.0	15154	0	70	73	15014.0	902	match1_mis-1_o-2_e-2		
rsv_b	ivar	minmq	0	15084.0	15154	0	70	73	15014.0	902	match1_mis-1_o-2_e-2		
rsv_b	ivar	minmq	30	15084.0	15154	0	70	73	15014.0	902	match1_mis-1_o-2_e-2		
rsv_b	ivar	redo_baq	1	15084.0	15154	0	70	73	15014.0	902	match1_mis-1_o-2_e-2		
rsv_b	ivar	baseline_params	-	15084.0	15154	0	70	73	15014.0	902	match1_mis-1_o-2_e-2	MBS	MBS_rsv_b
sars_cov_2_139	bcftools	minbq	0	29783.0	29812	3	23	26	29757.0	139	match1_mis-1_o-2_e-2		
sars_cov_2_139	bcftools	minbq	10	29757.0	29808	12	27	35	29718.0	139	match1_mis-1_o-2_e-2		
sars_cov_2_139	bcftools	minbq	20	29755.0	29807	12	28	35	29715.0	139	match1_mis-1_o-2_e-2		
sars_cov_2_139	bcftools	gap_frac	0.1	29755.0	29807	12	28	35	29715.0	139	match1_mis-1_o-2_e-2		
sars_cov_2_139	bcftools	redo_baq	0	29755.0	29807	12	28	35	29715.0	139	match1_mis-1_o-2_e-2		
sars_cov_2_139	bcftools	baseline_params	-	29755.0	29807	12	28	35	29715.0	139	match1_mis-1_o-2_e-2	MBS	MBS_sars_cov_2_139
sars_cov_2_139	bcftools	minmq	15	29753.0	29806	12	29	35	29712.0	139	match1_mis-1_o-2_e-2		
sars_cov_2_139	bcftools	minmq	30	29744.0	29803	14	31	35	29699.0	139	match1_mis-1_o-2_e-2		
sars_cov_2_139	bcftools	adjust_mq	25	29726.0	29794	14	40	35	29672.0	139	match1_mis-1_o-2_e-2		
sars_cov_2_139	bcftools	adjust_mq	0	29719.0	29815	38	20	35	29661.0	139	match1_mis-1_o-2_e-2		
sars_cov_2_139	freebayes	minbq	0	29743.0	29818	29	17	51	29697.0	139	match1_mis-1_o-2_e-2		
sars_cov_2_139	freebayes	minbq	10	29743.0	29818	29	17	51	29697.0	139	match1_mis-1_o-2_e-2		
sars_cov_2_139	freebayes	minbq	13	29743.0	29818	29	17	51	29697.0	139	match1_mis-1_o-2_e-2		
sars_cov_2_139	freebayes	minmq	0	29743.0	29818	29	17	51	29697.0	139	match1_mis-1_o-2_e-2		
sars_cov_2_139	freebayes	minmq	30	29743.0	29818	29	17	51	29697.0	139	match1_mis-1_o-2_e-2		
sars_cov_2_139	freebayes	ploidy	1	29743.0	29818	29	17	51	29697.0	139	match1_mis-1_o-2_e-2		
sars_cov_2_139	freebayes	baseline_params	-	29743.0	29818	29	17	51	29697.0	139	match1_mis-1_o-2_e-2	MBS	MBS_sars_cov_2_139
sars_cov_2_139	ivar	minbq	0	29801.0	29818	0	17	26	29784.0	139	match1_mis-1_o-2_e-2		
sars_cov_2_139	ivar	minmq	0	29801.0	29818	0	17	26	29784.0	139	match1_mis-1_o-2_e-2		
sars_cov_2_139	ivar	minbq	10	29797.0	29816	0	19	28	29778.0	139	match1_mis-1_o-2_e-2		
sars_cov_2_139	ivar	minbq	20	29795.0	29815	0	20	29	29775.0	139	match1_mis-1_o-2_e-2		
sars_cov_2_139	ivar	minmq	30	29795.0	29815	0	20	29	29775.0	139	match1_mis-1_o-2_e-2		
sars_cov_2_139	ivar	redo_baq	1	29795.0	29815	0	20	29	29775.0	139	match1_mis-1_o-2_e-2		
sars_cov_2_139	ivar	baseline_params	-	29795.0	29815	0	20	29	29775.0	139	match1_mis-1_o-2_e-2	MBS	MBS_sars_cov_2_139
sars_cov_2_122	bcftools	minbq	0	29797.0	29819	3	16	26	29778.0	122	match1_mis-1_o-2_e-2		
sars_cov_2_122	bcftools	adjust_mq	0	29787.0	29823	12	12	34	29763.0	122	match1_mis-1_o-2_e-2		
sars_cov_2_122	bcftools	minbq	10	29765.0	29812	12	23	34	29730.0	122	match1_mis-1_o-2_e-2		
sars_cov_2_122	bcftools	minbq	20	29765.0	29812	12	23	34	29730.0	122	match1_mis-1_o-2_e-2		
sars_cov_2_122	bcftools	minmq	15	29765.0	29812	12	23	34	29730.0	122	match1_mis-1_o-2_e-2		
sars_cov_2_122	bcftools	gap_frac	0.1	29765.0	29812	12	23	34	29730.0	122	match1_mis-1_o-2_e-2		
sars_cov_2_122	bcftools	redo_baq	0	29765.0	29812	12	23	34	29730.0	122	match1_mis-1_o-2_e-2		
sars_cov_2_122	bcftools	baseline_params	-	29765.0	29812	12	23	34	29730.0	122	match1_mis-1_o-2_e-2	MBS	MBS_sars_cov_2_122
sars_cov_2_122	bcftools	minmq	30	29754.0	29808	14	26	34	29714.0	122	match1_mis-1_o-2_e-2		
sars_cov_2_122	bcftools	adjust_mq	25	29744.0	29803	14	31	34	29699.0	122	match1_mis-1_o-2_e-2		
sars_cov_2_122	freebayes	minbq	0	29827.0	29831	0	4	26	29823.0	122	match1_mis-1_o-2_e-2		
sars_cov_2_122	freebayes	minbq	10	29827.0	29831	0	4	26	29823.0	122	match1_mis-1_o-2_e-2		
sars_cov_2_122	freebayes	minbq	13	29775.0	29831	26	4	51	29745.0	122	match1_mis-1_o-2_e-2		
sars_cov_2_122	freebayes	minmq	0	29775.0	29831	26	4	51	29745.0	122	match1_mis-1_o-2_e-2		
sars_cov_2_122	freebayes	minmq	30	29775.0	29831	26	4	51	29745.0	122	match1_mis-1_o-2_e-2		
sars_cov_2_122	freebayes	ploidy	1	29775.0	29831	26	4	51	29745.0	122	match1_mis-1_o-2_e-2		
sars_cov_2_122	freebayes	baseline_params	-	29775.0	29831	26	4	51	29745.0	122	match1_mis-1_o-2_e-2	MBS	MBS_sars_cov_2_122
sars_cov_2_122	ivar	minmq	0	29825.0	29830	0	5	27	29820.0	122	match1_mis-1_o-2_e-2		
sars_cov_2_122	ivar	minbq	0	29761.0	29798	0	37	59	29724.0	122	match1_mis-1_o-2_e-2		
sars_cov_2_122	ivar	minbq	10	29759.0	29797	0	38	60	29721.0	122	match1_mis-1_o-2_e-2		
sars_cov_2_122	ivar	minbq	20	29759.0	29797	0	38	60	29721.0	122	match1_mis-1_o-2_e-2		
sars_cov_2_122	ivar	minmq	30	29759.0	29797	0	38	60	29721.0	122	match1_mis-1_o-2_e-2		
sars_cov_2_122	ivar	redo_baq	1	29759.0	29797	0	38	60	29721.0	122	match1_mis-1_o-2_e-2		
sars_cov_2_122	ivar	baseline_params	-	29759.0	29797	0	38	60	29721.0	122	match1_mis-1_o-2_e-2	MBS	MBS_sars_cov_2_122
sars_cov_2_4964	bcftools	adjust_mq	0	29843.0	29845	0	2	1	29841.0	4964	match1_mis-1_o-2_e-2		
sars_cov_2_4964	bcftools	minbq	0	29833.0	29840	0	7	1	29826.0	4964	match1_mis-1_o-2_e-2		
sars_cov_2_4964	bcftools	minbq	10	29831.0	29839	0	8	1	29823.0	4964	match1_mis-1_o-2_e-2		
sars_cov_2_4964	bcftools	gap_frac	0.1	29829.0	29838	0	9	1	29820.0	4964	match1_mis-1_o-2_e-2		
sars_cov_2_4964	bcftools	redo_baq	0	29829.0	29838	0	9	1	29820.0	4964	match1_mis-1_o-2_e-2		
sars_cov_2_4964	bcftools	baseline_params	-	29829.0	29838	0	9	1	29820.0	4964	match1_mis-1_o-2_e-2	MBS	MBS_sars_cov_2_4964
sars_cov_2_4964	bcftools	minbq	20	29827.0	29837	0	10	1	29817.0	4964	match1_mis-1_o-2_e-2		
sars_cov_2_4964	bcftools	minmq	15	29817.0	29832	0	15	1	29802.0	4964	match1_mis-1_o-2_e-2		
sars_cov_2_4964	bcftools	minmq	30	29811.0	29829	0	18	1	29793.0	4964	match1_mis-1_o-2_e-2		
sars_cov_2_4964	bcftools	adjust_mq	25	29803.0	29825	0	22	1	29781.0	4964	match1_mis-1_o-2_e-2		
sars_cov_2_4964	freebayes	minbq	0	29843.0	29845	0	2	1	29841.0	4964	match1_mis-1_o-2_e-2		
sars_cov_2_4964	freebayes	minbq	10	29843.0	29845	0	2	1	29841.0	4964	match1_mis-1_o-2_e-2		
sars_cov_2_4964	freebayes	minbq	13	29843.0	29845	0	2	1	29841.0	4964	match1_mis-1_o-2_e-2		
sars_cov_2_4964	freebayes	minmq	0	29843.0	29845	0	2	1	29841.0	4964	match1_mis-1_o-2_e-2		
sars_cov_2_4964	freebayes	minmq	30	29843.0	29845	0	2	1	29841.0	4964	match1_mis-1_o-2_e-2		
sars_cov_2_4964	freebayes	ploidy	1	29843.0	29845	0	2	1	29841.0	4964	match1_mis-1_o-2_e-2		
sars_cov_2_4964	freebayes	baseline_params	-	29843.0	29845	0	2	1	29841.0	4964	match1_mis-1_o-2_e-2	MBS	MBS_sars_cov_2_4964
sars_cov_2_4964	ivar	minbq	0	29843.0	29845	0	2	2	29841.0	4964	match1_mis-1_o-2_e-2		
sars_cov_2_4964	ivar	minbq	10	29843.0	29845	0	2	2	29841.0	4964	match1_mis-1_o-2_e-2		
sars_cov_2_4964	ivar	minbq	20	29843.0	29845	0	2	2	29841.0	4964	match1_mis-1_o-2_e-2		
sars_cov_2_4964	ivar	minmq	0	29843.0	29845	0	2	2	29841.0	4964	match1_mis-1_o-2_e-2		
sars_cov_2_4964	ivar	minmq	30	29843.0	29845	0	2	2	29841.0	4964	match1_mis-1_o-2_e-2		
sars_cov_2_4964	ivar	redo_baq	1	29843.0	29845	0	2	2	29841.0	4964	match1_mis-1_o-2_e-2		
sars_cov_2_4964	ivar	baseline_params	-	29843.0	29845	0	2	2	29841.0	4964	match1_mis-1_o-2_e-2	MBS	MBS_sars_cov_2_4964
